Year,A2P1,A2P2,A2P3,A2P4,A7P1,A7P2,A15P1,A15P2,A15P3,A15P4,A17P1,A17P2,A17P3,A17P4,A17P5,A18P2,A18P3,A18P1,A18P4,A18P6,A18P5,A20P1,A20P3,A20P4,A20P2,A21P1,A21P5,A21P3,A21P2,A21P4,A25P2,A25P3,A25P4,A25P5,A25P1,B4P3,B4P2,B4P1,B4P4,B4P5,B5P4,B5P5,B5P3,B5P2,B5P1
1873,,,,,,,,,,,,,,,,,,,,,,,,,,,,,,,,,,,,1.465,,,,,,,,,
1874,,,,,,,,,,,,,,,,,,,,,,,,,,,,,,,,,,,,1.212,,,,,,,,,
1875,,,,,,,,,,,,,,,,,,,,,,,,,,,,,,,,,,,,0.629,,,,,,,,,
1876,,,,,,,,,,,,,,,,,,,,,,,1.314,,,,,,,,,,,,,0.611,,,,,,,,,
1877,,,,,,,,,,,,,,,,,,,,,,,0.57,,,,,,,,,,,,,0.506,,,,,,,,,
1878,,,,,,,,,,,,,,,,,,,,,,,0.405,,,,,,,,,,,,,0.336,,,,,,,,,
1879,,,,,,,,,,,,,,,,,,,,,,,1.245,,,,,,,,,,,,,0.597,,,,,,,,,
1880,,,,,2.006,,,,,,,,,,,,,,,,,,1.1,,,,,,,,,,,,,0.779,,,,,,,,,
1881,,,,,1.903,,,,,,,,,,,,,,,,,,1.307,,,,,,,,,,,,,1.13,,,,,,,,,
1882,,,,,0.894,,,,1.983,,,,,,,,,,,,,,1.287,,,,,,,,,,,,,0.994,,,,,,,,,
1883,,,,,1.071,,,,1.194,,,,,,,,,,,,,,2.132,,,,,,,,,,,,,0.74,,,,,,,,,
1884,,,,,1.045,,,,1.124,,,,,,,,,,,,,,2.866,,,,,,,,,,,,,0.435,,,,,,,,,
1885,,,,,1.31,,,,1.279,,,,,,,,,,,,,,1.949,,,,,,,,,,,,,0.724,,,,,,,,,
1886,,,,,1.273,,,,0.858,,,,,,,,,,,,,,1.784,,,,,,,,,,,,,0.877,,,,,,,,,
1887,,,,,1.569,,,,1.2,,,,,,,,,,,,,,2.482,,,,,,,,,,,,,1.293,,,,,,,,,
1888,,,,,2.255,,,,1.064,,,,,,,,,,,,,,1.679,,,,,,,,,,,,,1.695,,,,,,,,,
1889,,,,,2.052,,,,0.737,,,,,,,,,,,,,,1.675,,,,,,,,,,,,,1.816,,,,,,,,,
1890,,,,,1.583,,,,0.815,,,,,,,,,,,,,,1.654,,,,,,,,,,,,,1.846,,,,,,,,,
1891,,,,,1.16,,,,1.296,,,,,,,,,,,,,,2.35,,,,,,,,,,,,,0.977,,,,,,,,,
1892,,,,,2.506,,,,1.304,,,,,,,,,,,,,,3.179,,,,,,,,,,,,,0.895,,,,,,,,,
1893,,,,,2.682,,,,1.486,,,,,,,,,,,,,,2.93,,,,,,,,,,,,,1.205,,,,,,,,,
1894,,,,,2.944,,,,1.926,,,,,,,,,,,,,,0.758,,,,,5.425,,,,,,,,1.472,,,,,,,,,
1895,,,,,2.521,,,,1.878,,,,,,,,,,,,,,2.526,,,,,4.983,,,,,,,,0.898,,,,,,,,,
1896,,,,,2.788,,,,2.078,,,,,,,,,,,,,,2.379,,,,,4.711,,,,,,,,1.037,,,,,,,,,
1897,,,,,2.562,,,1.823,3.306,,,,,,,,,,,,,,2.654,,,,,3.862,,,,,,,,1.092,,,,,,,,,
1898,,,,,1.9,,,2.177,2.001,,,,,,,,,,,,,,3.208,,,,4.191,4.729,,,,,,,,1.239,,,,,,,,,
1899,,,,,2.261,,,1.119,2.157,,,,,,,,,,,,,,3.77,,,,4.441,5.239,,,,,,,,3.663,,,,,,,,,
1900,,,,,1.412,,,1.558,2.186,,,,,,,,,,,,,,3.721,,,,5.172,4.796,,,,,,,,4.834,,,,,,,,,
1901,,,,,1.424,,,2.276,2.474,,,,,,,,,,,,,,4.497,,,,4.411,4.405,,,,,,,,3.814,,,,,,,,,
1902,,,,,1.469,,,2.411,2.858,,,,,,,,,,,,,,4.44,,,,6.529,6.805,,,,,,,,4.552,,,,,,,,,
1903,,,,,1.664,,,2.035,2.662,,,,,,,,,,,,,,5.928,,,,6.218,6.755,,,,,,,,4.368,,,,,,,,,
1904,,,,,2.568,,,3.177,3.351,,,,,,,,,,,,,,4.435,,,3.975,4.506,5.767,,,,,,,,2.808,,,,,,,,,6.485
1905,9.104,,,,3.249,,,1.737,2.208,,,,,,,,,,,,,,3.112,2.524,,5.563,4.566,5.04,,,,,,,,3.335,,,,,,,,,5.23
1906,7.432,,4.895,,2.692,,,1.475,2.214,,,,,,,,,,,,,,2.665,2.42,,6.443,4.357,5.359,,,,,,,,3.355,,,,,,,,,7.134
1907,6.693,,4.699,,2.939,,5.881,1.837,2.506,,,,,,,,,,,,0.854,,3.101,3.421,,8.209,4.764,6.396,,,3.593,,,,,2.768,,,,,,,,,7.385
1908,6.838,,3.228,,2.592,,5.847,2.133,3.438,,,,,,,,,,,,1.039,,3.33,4.766,,8.477,6.609,6.876,,,2.908,,,,,2.898,,,,,,,,,7.825
1909,7.299,,3.027,,2.283,,5.802,2.489,3.817,,,,,,,,,,,,1.427,,5.2,4.671,,8.116,5.837,6.432,,,2.706,,,,,4.055,,,,,,,,,7.992
1910,7.6,,3.413,,2.471,,4.935,1.357,3.141,,,,,,,,,,,0.799,1.914,,5.367,4.899,,8.371,5.833,6.093,,,2.759,,,,,3.996,,,,,,,,,8.326
1911,7.146,,3.701,,2.582,,6.126,3.463,3.499,,,,,,,,,,,0.947,1.855,,4.343,4.085,,8.496,6.242,6.808,,,3.258,,,,,4.536,9.051,,,,,,,,6.046
1912,5.436,,3.758,,2.272,,5.3,1.727,3.041,,,,,,,,,,,1.24,2.183,,3.46,3.981,,7.985,6.012,5.99,,,3.396,,,,,5.21,8.796,,,,,,,,8.87
1913,5.996,,3.996,,2.468,,5.497,1.128,2.131,,,,,,,,,,,1.834,2.402,,1.946,3.762,,8.284,6.299,7.788,,,4.235,,,,,5.253,8.275,,,,,,,,8.598
1914,4.858,,3.789,,1.915,,4.662,2.457,2.512,,,,,,,,,,,1.808,1.841,,3.529,4.933,,8.039,5.365,6.341,,,4.075,,,,,6.011,10.189,,,,,,,,7.385
1915,3.887,,3.168,,1.655,,4.933,2.341,2.202,,,,,,,,,,,2.067,3.631,,4.787,6.403,,7.342,4.72,4.826,,,3.23,,,,,5.572,9.199,,,,,,,,6.967
1916,4.233,,4.119,,1.127,3.522,4.859,1.961,2.033,,,,,5.25,,,,,,2.284,4.041,,5.654,6.761,,7.854,6.53,4.966,,,2.698,,,,,4.022,8.133,5.272,,,,,,,7.239
1917,5.144,,4.204,,1.834,2.611,3.982,2.83,2.508,,,,,5.953,,,,,,1.869,3.191,1.62,5.962,6.881,,7.216,4.967,4.316,,,2.886,,,,,3.214,6.477,3.618,,,,,,,5.733
1918,4.503,,4.639,,1.001,2.886,4.778,2.088,2.419,,,,,4.66,,8.283,,,,3.584,3.364,1.617,8.918,7.021,1.84,6.891,4.472,6.652,,,3.356,,,,,3.818,6.772,4.487,,,,,,,6.778
1919,3.895,,3.738,,1.289,2.876,5.073,1.635,2.299,,,,,3.514,,9.236,,,,4.114,4.013,1.109,4.881,3.908,1.861,5.662,3.764,8.537,,,3.85,,,,,3.125,5.329,3.806,,,,,,,6.423
1920,4.04,,3.998,,1.552,3.598,4.918,2.035,2.761,,,,,3.393,,8.864,,,,4.272,4.373,1.584,5.123,3.901,1.766,4.119,3.042,6.438,,,3.585,,,,,3.561,5.884,3.103,,1.6,,,,,5.858
1921,3.732,,3.522,,1.417,3.267,3.79,2.498,2.951,,,,,3.524,,9.253,,,,4.875,6.666,2.028,6.12,5.175,2.367,4.986,3.551,6.881,,,3.793,,,,,2.634,5.148,2.424,,2.388,,,,,4.666
1922,3.138,,3.473,,1.29,2.562,3.991,3.213,3.181,,,,,2.968,,7.67,,,,4.08,5.532,0.892,3.018,4.122,1.025,5.646,3.602,3.713,5.088,4.133,2.991,,,,,4.651,5.005,3.273,,2.511,,,,,6.716
1923,3.644,,4.263,,2.218,2.716,3.712,1.673,2.931,,,,,4.158,,7.458,,,,6.11,6.76,1.782,3.875,5.12,2.027,6.388,3.977,4.166,7.679,4.61,3.2,,2.065,,,3.565,3.933,3.508,2.037,2.071,,6.524,,,5.079
1924,2.532,,3.647,,2.415,2.826,3.462,1.454,2.813,,,,,4.376,,6.663,,,,4.712,5.507,1.566,3.921,4.175,3.015,6.485,3.825,4.069,10.933,4.513,3.208,,2.001,,,3.348,4.55,3.444,3.552,1.211,,4.825,,,5.243
1925,2.753,,3.764,,1.733,2.516,1.913,0.76,1.773,,,,,3.663,,6.007,,,,5.249,5.712,2.364,3.623,3.721,2.194,5.47,2.97,4.229,10.407,3.549,3.263,,2.229,,,2.435,4.26,1.044,4.134,2.779,,5.367,,,5.79
1926,2.783,,4.019,,1.882,2.701,2.963,1.049,2.412,,6.337,,,2.652,,6.346,,,,6.832,6.528,2.196,1.813,2.701,2.717,3.532,3.981,4.214,7.452,4.648,3.304,,2.217,,,1.431,4.645,2.994,4.036,2.738,,5.667,,,6.235
1927,2.954,,4.344,,1.799,2.264,4.682,1.974,1.83,,7.261,,,2.486,,6.059,,,,5.485,5.918,1.32,2.212,3.709,4.01,5.054,4.277,7.886,8.131,4.714,2.957,,2.497,,,0.932,5.103,4.009,3.956,2.718,,7.091,,1.789,7.219
1928,2.701,,3.469,4.522,1.133,2.383,6.425,2.561,2.793,,7.211,,,2.195,,6.565,,,,6.275,8.404,1.407,4.295,5.692,4.098,4.909,3.906,5.221,6.676,4.474,2.383,,3.48,,,0.688,4.738,3.509,3.363,3.564,4.286,5.755,,2.615,6.922
1929,2.03,,2.948,4.784,1.048,0.897,5.317,2.233,1.732,,7.297,,,1.664,,6.981,,,,10.25,10.52,2.027,3.452,5.772,3.085,4.267,3.64,4.341,6.538,4.178,2.401,,3.65,,,1.296,3.161,3.083,3.055,3.511,4.292,4.249,5.344,4.542,6.006
1930,1.716,,2.49,4.101,1.32,1.593,5.036,2.043,1.776,,5.479,,,1.257,,4.646,,,,6.409,7.427,2.227,4.131,5.203,3.21,4.44,4.055,4.718,6.111,5.191,3.279,,3.533,,,1.756,4.123,3.699,3.93,4.423,4.594,5.264,3.532,7.136,7.414
1931,1.975,,2.723,3.987,1.958,1.387,4.764,1.079,2.448,,8.152,,,2.059,,5.421,,,,7.985,5.92,1.585,3.674,6.393,1.562,3.371,3.872,3.954,5.728,4.333,2.765,,3.67,,,0.769,4.664,3.003,3.628,4.583,4.821,7.266,4.825,7.151,7.409
1932,2.104,,3.212,3.85,1.754,1.345,2.897,1.563,2.959,,9.637,,,1.822,,3.981,,,,5.716,3.266,1.276,4.254,4.999,1.94,5.023,6.122,6.761,6.811,4.532,2.774,,3.767,,,1.674,3.956,2.86,3.144,4.753,5.765,6.92,5.629,7.092,6.172
1933,2.179,,2.948,4.378,1.258,1.62,4.11,1.671,3.126,,9.251,,,1.737,,5.433,,,,7.196,4.426,1.069,3.759,3.33,2.978,4.704,5.447,6.828,6.612,4.177,2.809,,3.963,,,3.219,3.46,2.879,3.433,4.526,6.52,6.5,5.252,5.697,4.153
1934,2.383,,3.467,4.102,0.895,1.923,3.413,1.091,2.522,,8.895,,,2.519,,4.88,,,,5.787,3.824,1.294,2.569,2.472,2.738,4.022,4.024,5.725,4.864,4.353,2.904,,4.49,,,2.521,2.715,3.471,2.59,4.314,6.768,5.932,5.201,5.061,5.105
1935,1.683,,2.155,3.303,1.392,1.202,2.927,1.024,1.705,,5.891,,,2.252,,4.019,,,,3.041,3.271,0.801,2.452,2.455,3.842,3.181,3.843,4.264,6.733,3.561,2.84,,4.04,,,1.458,2.656,2.755,2.327,3.453,6.232,4.525,6.114,5.381,5.004
1936,1.206,,2.075,3.702,1.424,1.663,2.209,0.752,1.969,,5.957,,,2.424,,5.002,,,,3.237,3.779,1.659,3.213,3.508,4.893,4.468,3.631,4.172,7.547,4.303,1.626,,4.528,,,1.767,2.624,3.492,3.226,2.113,5.279,4.919,4.368,6.089,5.324
1937,1.37,,1.614,3.111,1.492,1.939,3.524,1.025,2.258,,6.683,,,1.951,,5.357,,,,3.624,5.338,1.022,2.871,3.377,3.331,4.13,3.085,2.921,6.771,3.763,2.148,,5.406,,,1.732,2.029,4.135,3.213,2.197,4.095,5.932,3.975,4.438,7.395
1938,1.775,,1.235,2.536,1.092,1.069,3.599,0.799,1.692,,6.172,,,1.357,1.965,6.082,,,,6.72,5.891,1.668,3.384,4.324,3.187,4.316,3.39,4.082,6.767,3.666,3.078,,5.757,,5.544,1.066,3.039,2.323,3.427,3.367,5.24,5.684,6.308,6.055,8.504
1939,1.178,,1.351,2.821,0.671,0.992,2.695,1.076,1.919,,6.271,,,0.764,1.471,4.787,,,,4.276,3.463,2.419,3.686,2.028,2.817,4.616,3.555,6.178,7.723,5.142,2.226,,3.475,,5.368,1.189,2.716,2.839,3.551,2.96,5.665,5.882,5.383,6.813,7.155
1940,1.915,,2.082,3.812,0.996,1.146,4.226,1.912,2.272,,5.693,,,1.415,1.3,4.482,,,,5.211,5.991,2.718,3.858,2.244,3.124,3.162,2.128,5.365,5.705,4.324,2.253,,3.534,,5.184,2.08,2.319,3.241,3.194,2.677,5.392,7.365,5.107,8.394,6.297
1941,1.574,5.08,1.353,2.738,1.533,0.948,3.945,1.367,1.955,,5.578,,,1.53,1.693,4.874,,,,4.321,4.721,1.34,2.412,2.161,2.944,3.471,2.657,5.882,5.892,4.511,1.93,2.246,4.821,,3.798,1.516,2.114,3.571,1.962,2.185,5.434,7.909,4.32,4.473,4.864
1942,1.077,5.646,0.943,2.92,1.535,0.978,3.745,0.847,1.605,,3.697,,,1.664,0.894,4.571,,,,3.623,3.669,1.196,2.613,1.991,4.921,2.569,2.819,2.921,5.143,5,2.513,1.041,6.383,,4.018,1.183,2.191,3.415,2.165,2.397,5.552,7.661,5.687,6.606,5.22
1943,0.72,6.037,1.119,3.016,1.137,0.864,2.687,0.664,1.51,,2.723,,,1.807,1.258,5.24,,,,5.582,6.016,1.273,2.259,1.461,6.876,2.19,3.31,2.985,6.281,3.466,1.996,1.833,7.3,,4.816,0.533,2.963,3.935,1.71,2.052,5.653,7.982,5.397,7.672,5.481
1944,0.826,5.328,1.283,3.159,1.358,1.684,4.021,0.79,1.961,,4.356,,,1.228,1.429,5.013,,,,6.052,6.321,0.677,1.463,1.282,4.721,3.287,3.014,3.113,6.445,3.817,1.963,1.122,5.777,,4.412,0.774,2.273,2.784,1.856,1.779,5.82,7.81,6.101,6.055,5.146
1945,1.109,5.613,1.523,3.934,1.716,1.734,3.228,0.942,2.249,,3.325,,,1.386,2.611,3.566,,,,3.38,3.407,1.346,2.337,1.651,5.123,2.634,1.265,2.026,5.232,2.967,2.142,1.626,4.866,,5.197,0.759,2.174,1.976,2.007,2.839,5.577,5.23,2.387,6.457,5.197
1946,1.761,6.529,2.104,4.039,2.409,2.079,3.492,1.342,2.645,,2.954,,,1.367,2.085,3.409,,,,4.371,3.919,1.933,2.58,1.345,2.273,2.201,0.988,2.335,7.465,3.478,2.315,1.6,3.982,,5.254,0.883,2.49,3.178,2.805,3.8,4.971,8.946,5.549,6.612,6.067
1947,1.188,6.148,1.981,2.314,1.445,1.972,3.389,0.463,1.661,,2.393,,,1.265,1.335,4.419,,,,4.408,4.117,2.11,2.761,1.822,2.617,2.111,1.628,2.043,5.674,5.097,2.915,2.319,0.931,,4.632,0.262,2.303,2.699,2.663,2.731,7.076,8.304,6.722,5.952,5.251
1948,1.89,6.111,2.534,2.756,1.011,1.389,3.802,1.681,1.544,,3.317,,,1.531,2.027,3.219,,,2.502,3.607,2.856,1.114,1.064,1.661,2.372,1.718,1.227,0.689,3.591,4.722,2.615,3.16,3.242,,4.719,0.984,2.628,3.167,2.785,3.256,5.299,6.425,5.217,5.353,3.63
1949,1.504,6.632,2.354,2.749,1.308,0.935,1.706,1.311,1.68,,4.142,,,1.641,2.295,3.981,,,2.296,3.774,5.136,1.296,1.015,2.08,2.508,2.688,1.532,0.871,5.182,5.64,2.211,3.167,2.82,,4.053,1.033,2.439,3.426,2.833,2.77,4.384,5.771,2.829,5.023,3.316
1950,1.539,6.409,1.759,1.989,1.156,0.609,2.235,2.186,1.918,4.678,2.591,,,2.1,0.8,3.737,,,3.272,2.731,3.482,1.246,2.077,1.494,2.699,3.124,1.991,1.888,8.634,5.911,2.785,3.695,2.845,,5.272,0.279,2.487,2.594,3.272,3.174,3.061,5.771,4.389,6.227,3.567
1951,2.088,8.155,1.833,3.596,1.635,0.821,4.096,2.316,2.611,6.3,3.037,,,2.282,1.982,4.394,,,4.766,3.278,3.538,1.817,2.395,1.934,4.13,2.816,1.796,1.716,8.013,5.558,1.7,4.831,6.413,,6.138,0.409,2.904,3.418,3.814,3.636,3.309,7.961,4.984,10.434,5.629
1952,1.889,6.562,1.813,3.271,1.599,1.761,2.255,1.537,2.315,5.451,3.515,,,1.412,2.73,6.492,5.473,,4.934,5.049,4.111,1.617,1.978,1.416,1.884,3.126,1.722,3.117,7.295,5.242,1.937,3.422,5.217,,4.307,0.599,1.958,2.528,2.886,2.924,3.808,7.55,4.624,7.018,6.266
1953,1.936,7.12,1.332,2.357,1.903,2.171,1.304,1.314,1.47,4.941,3.449,,,1.85,0.849,5.114,2.698,,5.304,3.873,3.78,0.662,1.754,1.733,1.467,2.789,1.909,5.745,8.401,5.551,2.543,4.068,6.212,,4.623,1.291,2.078,2.294,2.462,3.284,4.337,5.717,6.57,7.053,5.408
1954,2.02,6.525,0.881,1.98,1.152,1.984,1.442,1.888,1.756,4.513,2.376,,,1.813,2.497,4.617,4.161,,5.134,2.911,2.734,0.738,1.48,1.347,2.017,2.475,1.089,4.257,6.646,5.459,1.859,3.671,4.566,,4.632,1.969,1.589,2.119,2.477,2.678,3.706,4.448,6.473,6.124,4.32
1955,2.869,7.218,1.214,2.142,0.918,1.927,2.157,1.643,1.231,5.016,2.277,2.312,,1.542,1.94,4.116,5.676,,4.032,2.127,2.315,0.546,2.262,1.209,1.253,1.528,2.079,5.43,4.648,3.156,1.754,4.055,4.694,,4.368,1.364,1.26,1.782,2.212,3.042,3.376,4.81,2.775,6.789,4.665
1956,1.817,4.602,0.852,1.474,0.774,1.314,1.81,1.461,0.912,2.562,1.467,2.697,,1.15,1.15,4.891,5.267,,4.343,3.245,2.761,1.613,2.989,1.055,0.871,1.204,2.728,3.589,3.721,3.245,1.538,3.255,4.064,,3.659,0.466,1.046,2.519,2.427,2.394,2.895,3.393,1.652,5.288,3.452
1957,2.731,5.396,1.456,2.995,1.144,1.471,2.236,1.721,1.279,3.643,2.195,2.91,,1.226,1.619,4.217,4.447,,2.393,2.753,2.606,2.11,3.765,1.291,0.975,1.501,2.836,2.642,3.816,4.885,1.761,5.039,4.528,,4.316,0.746,1.057,2.68,3.391,2.138,3.293,3.213,2.595,5.963,3.891
1958,2.549,4.154,1.261,2.102,0.761,1.329,2.082,1.427,1.763,4.739,2.686,4.007,,1.793,2.089,4.305,6.955,,3.485,2.443,2.435,1.425,2.098,0.669,0.711,1.588,3.158,1.777,6.195,4.222,2.166,5.886,4.518,,4.588,0.604,0.92,2.505,3.708,2.506,3.117,4.486,2.035,5.475,6.052
1959,2.785,4.198,0.451,2.009,0.9,1.435,1.435,1.309,1.518,3.751,1.7,3.77,,0.748,1.665,4.372,1.638,,2.775,2.818,1.938,1.191,1.268,0.628,0.872,1.432,2.738,1.274,4.93,2.677,2.022,4.581,4.388,,4.428,0.907,0.837,1.847,2.995,2.228,2.674,3.205,1.422,3.853,3.692
1960,1.64,4.864,0.555,2.374,1.187,1.809,1.704,1.618,1.16,3.336,1.552,3.866,,0.911,1.003,5.119,3.731,,3.534,3.047,2.349,1.384,1.194,0.856,0.896,1.626,2.868,1.012,5.63,3.417,1.448,4.181,4.35,,4.25,1.988,1.63,2.701,2.743,2.302,2.585,2.875,3.216,3.211,2.877
1961,1.842,5.909,1.275,2.887,0.478,1.397,2.046,1.862,1.341,3.125,1.601,3.456,,1.339,2.026,3.409,1.844,,3.011,2.679,1.426,0.88,1.511,0.467,0.634,1.33,2.288,1.152,5.914,3.242,1.8,4.401,2.794,,4.138,2.198,2.378,2.852,3.651,2.263,1.9,2.859,3.12,4.312,2.838
1962,1.739,5.984,1.835,2.429,0.314,1.406,1.334,1.475,1.65,1.454,1.815,3.604,,1.057,2.066,3.991,3.009,,3.341,2.888,1.618,1.472,1.661,0.857,0.716,0.963,2.576,1.137,3.688,2.101,1.65,4.401,2.742,,4.191,1.182,1.776,2.354,3.108,2.391,2.044,4.555,2.305,5.436,4.365
1963,2.858,5.066,2.518,1.854,0.544,1.643,0.696,0.989,1.674,2.145,1.749,2.591,,1.093,1.471,2.298,2.873,,2.418,1.926,1.273,0.913,1.01,0.642,0.161,1.221,1.211,1.111,4.081,1.224,2.015,4.25,3.635,,4.52,0.892,1.321,2.96,2.305,2.647,2.482,4.935,1.325,4.931,3.236
1964,3.401,5.342,2.819,2.0115,0.609,1.427,0.628,0.757,1.004,1.174,1.172,2.7,,0.431,1.818,3.258,5.597,,2.888,2.288,1.428,1.005,1.695,0.761,0.22,0.63,0.948,1.113,4.762,1.208,1.8,4.484,3.738,,4.257,0.701,1.277,3.386,2.398,2.472,3.4,4.127,2.691,5.344,3.801
1965,2.603,4.294,2.295,1.616,0.49,0.429,0.997,1.329,1.195,1.565,1.98,3.809,4.199,0.228,2.212,3.788,7.764,,4.275,2.371,3.167,1.247,1.4,0.506,0.18,0.762,1.497,1.809,2.454,1.176,1.2,4.823,4.056,,4.388,0.533,1.057,2.697,2.212,1.651,3.598,3.995,1.905,4.611,2.803
1966,3.206,3.287,2.202,2.818,0.787,0.924,1.161,1.108,1.183,1.976,2.142,4.184,4.773,0.561,1.909,3.813,6.291,,4.468,2.419,2.942,1.046,2.527,0.909,0.541,0.942,2.309,0.876,3.516,0.664,1.528,5.073,2.937,3.682,4.002,0.827,1.179,2.138,2.69,2.272,3.26,4.403,2.232,4.617,1.427
1967,3.101,2.423,1.49,2.901,0.541,0.366,0.854,0.629,1.47,1.991,1.799,4.004,3.819,0.372,1.388,4.695,8.591,,3.265,1.429,3.111,0.612,1.13,0.718,0.252,1.373,1.706,1.478,3.58,1.764,1.448,4.108,2.542,4.3,3.737,0.785,0.734,2.139,2.128,1.983,2.733,3.073,3.74,4.381,1.611
1968,2.04,2.654,0.569,1.138,0.913,0.731,0.907,0.818,1.111,1.722,0.995,3.749,3.426,0.256,1.204,3.334,4.379,,3.819,1.561,2.213,0.977,1.389,1.177,0.359,0.914,1.494,1.904,2.03,0.934,1.138,4.045,1.412,2.176,3.538,0.562,0.552,1.893,1.717,1.406,2.193,1.648,2.948,3.211,2.276
1969,2.216,2.734,0.912,1.655,1.125,1.341,1.083,0.876,1.329,2.124,1.27,4.469,5.178,0.463,4.227,4.325,6.892,,3.784,3.354,2.819,1.231,1.563,1.291,0.773,1.134,2.292,3.414,2.504,2.106,0.725,4.364,3.342,5.329,3.785,1.041,1.916,2.31,2.797,1.527,2.81,2.723,3.455,5.004,2.909
1970,1.31,2.833,0.773,1.091,0.566,0.789,0.396,0.558,1.697,2.566,2.162,3.874,4.519,0.668,4.623,3.718,2.056,,3.333,1.384,2.707,1.405,1.52,1.163,0.677,1.639,1.631,2.804,2.356,2.931,1.233,4.053,3.966,5.928,3.829,0.86,1.512,1.181,2.498,0.929,1.687,3.336,3.492,5.39,2.901
1971,2.376,2.499,0.865,0.619,0.806,0.682,0.327,0.727,1.47,3.139,1.799,3.124,3.938,0.744,3.921,4.003,4.298,2.7,3.724,2.466,2.031,1.305,1.222,0.985,0.255,1.796,1.624,2.841,2.961,1.731,1.578,3.567,2.644,5.7,4.737,1.324,1.732,2.021,2.331,1.708,2.205,4.062,3.285,4.174,3.257
1972,2.191,3.071,0.844,0.46,0.596,1.051,1.777,0.832,1.817,3.937,2.063,3.778,3.846,0.943,4.176,2.652,5.241,2.386,2.961,1.35,2.273,1.554,0.685,0.664,0.216,1.068,1.26,3.003,2.886,1.343,1.304,4.09,2.174,5.924,4.454,1.445,1.864,1.958,1.522,1.737,2.068,1.063,3.906,4.174,2.929
1973,1.363,4.16,1.301,0.99,0.558,0.886,0.85,0.735,1.076,2.691,2.884,4.465,5.092,1.521,2.968,3.427,7.191,2.538,3.193,2.456,3.405,1.646,0.781,0.889,0.336,0.873,1.143,2.959,5.663,2.182,1.073,4.798,2.249,7.068,4.729,0.56,2.65,2.292,1.963,2.021,2.861,2.539,3.873,5.909,3.817
1974,1.256,2.961,1.332,1.04,0.308,0.209,0.162,0.462,1.544,1.124,3.732,3.241,2.896,1.121,2.827,1.853,4.905,1.839,3.032,2.287,0.881,0.836,0.566,0.439,0.254,0.813,0.75,1.377,3.008,1.954,1.042,1.099,1.963,3.037,3.137,0.266,1.659,1.399,1.582,1.136,1.926,1.981,1.091,3.997,2.448
1975,1.822,3.06,1.989,0.952,0.374,0.309,0.195,0.928,1.533,1.195,3.878,4.119,3.466,1.234,3.787,2.719,5.981,1.999,2.801,2.239,0.944,1.114,1.272,1.081,0.294,1.362,1.128,0.542,3.855,2.646,1.426,3.017,0.615,3.375,3.335,0.441,2.302,1.868,2.177,1.596,2.727,1.787,4.017,3.83,2.197
1976,1.747,3.852,1.677,0.785,0.234,0.427,0.405,0.926,1.596,1.308,3.438,3.485,3.328,0.898,4.507,2.101,5.757,1.509,1.471,2.164,1.186,0.919,0.773,0.992,0.635,1.285,1.953,0.527,4.633,1.449,0.784,3.072,1.095,3.933,3.568,0.31,2.226,1.933,2.177,1.554,2.59,2.048,3.008,4.514,2.972
1977,1.11,3.119,2.235,0.94,0.374,0.509,0.206,0.681,1.271,1.112,3.148,2.077,3.242,0.55,2.903,3.157,3.503,1.108,2.47,2.958,1.888,1.158,1.117,0.711,0.331,0.976,1.915,0.797,1.277,1.489,1.139,3.943,1.503,4.83,5.053,0.676,1.761,2.278,1.372,1.533,3.016,1.162,1.049,4.083,2.741
1978,2.212,1.784,3.095,0.792,0.755,0.396,0.638,0.348,0.771,1.44,3.443,1.742,3.948,0.877,4.814,2.913,4.347,1.432,2.281,1.155,1.876,1.161,0.743,0.921,0.229,1.211,1.48,0.744,3.128,2.858,1.277,4.257,2.609,5.435,5.138,0.462,1.681,1.894,0.9,1.841,3.365,1.369,2.627,5.652,2.739
1979,1.773,1.5,2.219,0.918,0.995,0.533,0.997,0.599,0.975,1.161,3.359,1.649,2.59,0.959,4.027,1.761,5.786,2.433,1.394,0.563,1.651,1.012,0.99,1.138,0.369,1.162,1.203,0.638,2.521,3.52,1.096,2.65,2.346,5.052,3.599,0.456,1.667,1.639,1.357,1.756,2.208,0.503,1.56,4.679,1.179
1980,2.035,1.871,1.912,1.041,0.865,0.277,0.734,0.882,1.072,1.739,2.313,3.199,3.548,1.234,4.656,1.982,6.409,4.544,2.004,1.29,2.821,0.911,1.424,1.051,0.395,1.386,0.498,1.256,2.852,1.925,0.921,4.297,2.18,7.452,3.696,0.821,2.195,1.211,2.069,1.881,1.405,0.961,1.876,4.515,1.365
1981,1.814,0.781,1.748,1.032,0.584,0.303,0.923,1.008,0.587,2.364,1.007,2.474,3.141,1.056,4.193,2.134,6.446,4.223,2.135,1.908,2.727,1.075,0.723,0.603,0.364,1.053,0.657,2.205,1.765,2.546,0.522,3.879,2.11,7.29,3.5,0.456,1.329,1.396,1.288,1.341,1.631,1.393,1.725,2.041,1.764
1982,1.718,0.321,1.91,0.765,0.547,0.514,0.844,0.55,0.743,2.009,1.287,2.919,5.117,1.323,1.973,2.314,7.267,3.82,1.845,1.982,2.636,0.926,0.908,0.891,0.771,1.562,0.909,1.712,0.988,3.298,0.326,3.127,1.938,6.068,3.704,0.446,2.686,1.382,1.761,0.545,1.616,3.271,1.836,3.853,1.381
1983,1.755,0.623,2.286,0.591,0.331,0.297,0.699,0.306,0.398,0.522,2.124,2.601,3.332,1.067,3.37,1.131,3.892,2.102,1.628,1.717,1.445,0.617,0.474,0.565,0.586,1.084,0.925,1.062,0.495,1.498,0.247,2.723,1.565,6.355,3.132,0.193,2.021,1.044,2.459,0.238,1.598,1.95,2.447,3.984,1.513
1984,1.246,1.265,1.586,0.832,0.608,0.418,0.629,0.269,0.454,0.539,2.162,3.521,3.713,0.635,5.807,1.347,5.891,3.384,1.921,2.489,3.091,0.827,2.047,1.359,0.862,0.423,1.661,0.638,2.101,0.959,0.217,2.843,1.639,7.679,3.586,0.761,2.393,2.167,3.062,0.655,2.626,2.537,3.409,4.06,2.357
1985,1.734,0.663,2.468,1.568,0.256,0.458,0.88,0.928,0.538,0.699,1.386,3.783,4.041,0.255,4.888,0.926,7.9,4.547,2.115,2.746,3.242,1.066,1.353,0.935,1.149,0.829,1.143,0.759,3.292,0.742,0.417,2.458,1.44,7.755,3.684,0.369,2.084,1.417,1.458,0.44,2.179,1.599,3.216,4.518,1.388
1986,1.406,0.967,1.551,1.456,0.534,0.584,1.383,0.52,1.171,0.914,1.155,4.359,4.217,0.344,5.247,0.762,3.866,4.033,1.324,1.672,0.678,0.981,1.27,0.782,0.831,0.369,0.533,0.523,2.416,1.234,0.283,3.292,1.512,9.814,3.289,0.43,2.157,2.99,2.268,0.531,1.991,1.689,3.865,1.881,1.876
1987,2.821,1.199,1.804,3.41,0.596,0.322,1.517,0.8,1.661,1.381,1.65,4.101,4.252,0.348,6.569,1.263,4.152,4.172,2.196,1.992,1.872,1.092,1.255,1.153,1.183,0.418,0.773,0.842,2.494,1.479,0.209,3.466,1.603,7.746,2.803,0.364,2.561,2.792,3.044,0.433,3.954,2.801,1.477,4.518,1.43
1988,2.651,0.744,1.861,2.988,1.002,0.563,1.379,0.979,1.217,1.374,2.582,2.675,3.113,0.243,5.815,1.158,5.351,3.627,1.011,3.152,3.119,1.34,1.026,0.834,0.573,0.668,0.919,0.59,1.114,1.416,0.739,3.254,1.749,7.002,3.859,0.462,1.822,3.216,2.018,0.344,2.333,2.466,1.391,5.563,1.201
1989,1.714,0.648,1.416,2.326,0.776,0.333,0.934,0.513,0.815,1.075,1.634,2.515,2.798,0.329,6.364,1.324,4.111,3.549,0.948,4.076,3.291,0.693,1.002,0.824,0.483,0.287,1.198,0.856,1.213,2.442,0.646,2.179,1.051,5.963,4.024,0.652,1.991,3.325,2.382,1.275,1.158,1.521,2.855,5.071,1.511
1990,0.759,1.162,0.823,2.054,0.649,0.672,0.48,0.662,1.022,1.336,2.257,3.464,3.054,0.377,5.404,0.993,1.673,4.065,1.849,1.057,1.198,0.819,0.786,0.853,0.493,0.593,1.407,0.657,1.197,1.537,0.257,2.568,0.416,5.538,3.176,0.215,1.468,1.698,0.949,0.831,0.981,0.922,1.243,3.349,1.032
1991,1.239,0.823,0.844,1.28,0.708,0.275,0.833,0.846,1.849,1.891,2.492,3.866,3.9,0.353,6.928,1.123,3.241,4.305,2.568,1.872,0.817,1.123,0.826,0.921,0.564,0.745,2.538,0.83,1.465,1.952,0.461,3.081,1.05,6.045,2.974,0.569,2.026,1.25,1.528,1.231,1.746,1.985,1.629,4.495,0.816
1992,1.777,0.802,1.905,0.942,0.914,0.669,0.707,0.58,1.413,1.051,1.473,3.175,2.77,0.381,6.348,0.424,2.192,3.892,1.35,1.324,0.353,0.297,0.675,0.809,0.377,0.364,2.319,0.788,0.768,1.62,0.619,3.049,1.377,5.645,3.758,0.438,1.283,2.613,2.639,1,1.193,1.511,0.827,4.096,0.695
1993,1.534,1.057,1.445,1.141,0.899,0.694,0.591,2.028,1.703,1.281,2.244,2.574,5.643,0.486,8.251,1.38,3.411,5.137,1.099,1.756,0.871,1.263,0.453,0.321,0.477,0.516,2.119,0.568,0.748,0.81,0.461,2.953,1.557,5.891,3.711,0.467,2.187,2.219,2.049,0.796,1.588,2.274,0.966,5.963,1.192
1994,2.277,0.844,1.34,0.973,0.828,0.259,1.023,1.447,1.418,1.031,2.162,2.339,4.608,0.406,7.287,1.818,4.486,5.07,1.605,1.324,0.775,1.169,0.533,0.42,0.515,0.476,1.935,0.344,1.276,0.739,0.452,1.889,1.349,5.56,3.377,0.671,1.306,2.427,2.245,1.178,2.179,2.274,1.38,5.482,1.297
1995,1.725,0.763,1.494,0.922,0.695,0.203,1.176,1.127,1.064,0.921,1.823,0.951,4.271,0.66,5.293,1.981,4.542,5.246,1.545,2.741,2.854,1.436,0.981,0.947,0.973,0.632,2.44,0.365,1.669,0.637,0.424,2.644,1.628,5.316,3.531,0.419,0.502,2.104,1.522,0.974,1.653,1.647,1.096,4.216,0.428
1996,0.753,0.957,1.77,1.076,0.852,0.194,0.663,0.68,1.179,1.652,1.591,0.599,5.364,0.813,6.712,1.351,3.981,5.013,0.939,1.651,1.881,0.836,0.741,0.671,0.416,0.611,0.995,0.543,0.523,1.632,0.542,3.162,1.828,6.51,2.742,0.269,1.615,1.335,2.428,0.618,1.947,1.905,0.923,4.084,0.751
1997,1.494,0.575,1.677,1.297,1.189,0.253,0.301,1.27,1.362,0.961,1.7,0.663,3.72,0.636,5.762,1.49,4.42,5.815,1.908,2.134,0.947,1.252,1.232,0.411,1.098,0.271,0.761,0.619,0.665,1.311,0.635,2.989,1.395,5.843,4.579,1.039,1.953,0.896,2.512,0.623,1.948,2.57,2.126,3.601,0.701
1998,1.175,0.479,1.025,0.855,0.574,0.135,0.341,1.299,1.64,0.712,1.584,0.363,2.582,0.363,5.297,1.036,2.473,4.23,2.154,0.95,1.123,0.482,1.506,0.409,0.812,0.286,0.394,0.439,0.822,0.486,0.757,2.414,0.836,4.32,2.007,0.587,1.85,1.741,2.357,0.79,1.991,1.934,2.123,3.716,0.824
1999,2.367,0.624,1.641,2.42,0.668,0.279,0.358,0.645,1.217,1.526,1.803,0.391,3.296,0.567,10.211,0.61,4.996,5.32,2.798,0.622,0.67,0.969,1.155,0.461,2.588,1.12,0.472,0.405,0.875,0.99,0.585,3.437,1.135,7.119,4.126,0.721,1.418,4.697,2.198,1.036,2.821,2.113,3.127,3.693,1.191
2000,1.542,1.149,1.204,2.819,1.197,0.436,0.591,1.265,1.381,2.137,1.515,1.179,5.379,1.123,7.959,0.373,3.214,4.235,2.317,0.443,0.548,0.532,2.176,0.382,1.387,0.7,0.545,0.933,0.718,0.73,0.474,2.733,1.066,6.275,3.894,1.053,1.728,5.183,2.625,1.177,2.494,3.336,1.953,5.499,0.509
2001,2.083,1.252,2.031,2.42,0.948,0.155,0.396,0.61,1.274,1.782,1.254,1.033,3.816,0.34,7.145,0.345,3.548,5.399,3.311,1.819,1.871,0.911,2.319,0.561,1.718,1.452,0.574,1.169,0.4,1.219,0.452,1.944,0.897,5.523,3.693,0.832,0.778,4.731,1.701,0.55,2.381,2.941,2.926,5.161,1.14
2002,1.88,1.064,1.34,1.74,0.549,0.379,0.448,1.535,1.779,1.577,2.013,0.942,2.946,0.609,5.8,0.278,3.869,6.0235,2.888,0.977,1.136,0.251,2.109,0.172,1.357,0.379,0.928,1.366,0.476,0.582,0.756,1.99,0.769,5.762,3.009,0.641,1.263,2.458,2.06,0.587,2.615,2.727,1.781,6.697,0.743
2003,2.519,0.579,1.252,1.733,0.703,0.183,0.446,1.213,1.27,0.512,0.638,0.586,0.903,0.716,3.452,0.294,4.445,4.035,1.693,0.4,0.41,0.259,1.087,0.481,1.383,0.356,1.451,1.216,0.563,0.367,0.824,1.797,1.474,5.327,3.697,0.445,1.405,2.222,1.842,0.429,0.945,1.88,1.016,5.698,0.828
2004,1.475,1.066,0.735,1.958,0.668,0.194,0.429,0.653,2.265,0.784,0.929,1.473,1.872,1.185,4.263,0.453,3.162,4.389,2.981,0.563,0.559,1.323,1.252,0.671,1.521,0.464,1.243,2.587,0.492,1.019,0.989,1.629,1.529,5.512,5.651,0.847,1.763,1.662,1.781,0.452,0.908,1.484,0.759,5.594,1.296
2005,0.683,1.59,0.995,2.237,1.53,0.247,0.611,1.573,2.803,1.381,1.5,0.492,3.794,0.944,5.931,0.309,3.618,4.892,2.342,0.527,0.491,2.255,3.276,0.719,1.815,0.798,1.265,1.845,0.339,0.733,1.13,1.824,0.729,6.134,4.842,0.863,2.616,2.131,2.17,1.12,1.84,1.203,0.81,5.038,1.372
2006,0.379,1.17,0.654,1.725,0.33,0.148,0.448,0.876,1.47,1.238,1.419,0.829,3.156,0.731,4.992,0.404,5.786,4.843,3.829,0.659,0.408,1.754,2.064,0.627,1.545,0.677,0.924,1.41,0.687,0.479,0.748,1.742,0.607,5.94,3.816,0.648,1.673,2.283,1.412,0.587,1.421,1.747,0.649,5.619,1.367
2007,0.362,1.33,0.865,1.029,1.037,0.268,0.658,1.219,2.319,1.354,1.304,0.541,1.531,0.852,7.728,0.322,5.33,5.251,1.918,0.675,0.72,1.332,2.711,0.446,2.248,0.913,2.661,2.186,0.777,1.832,0.804,1.761,0.706,5.995,3.342,0.854,1.335,2.64,1.134,0.273,1.31,1.03,2.057,5.826,1.116
2008,0.638,1.781,1.583,1.264,1.604,0.351,0.417,1.01,2.206,1.66,1.872,1.225,2.108,1.296,8.072,0.301,4.617,3.981,0.998,0.397,0.342,1.175,1.12,0.363,1.778,0.828,2.467,1.977,0.294,1.408,0.774,1.981,1.232,6.498,3.269,1.061,1.601,3.159,1.738,0.453,1.444,1.094,1.014,5.622,1.348
2009,1.742,1.17,0.971,1.234,0.975,0.177,0.516,1.86,2.509,1.479,2.789,1.449,3.076,1.845,9.297,0.328,7.941,4.331,1.284,0.335,0.671,1.64,1.333,0.491,1.761,0.79,2.528,0.977,0.31,1.159,0.67,2.091,1.313,5.261,3.167,0.696,1.644,2.332,1.319,0.661,2.29,1.812,1.67,4.404,1.492
2010,1.462,1.329,0.709,1.661,1.599,0.706,0.771,1.936,2.788,1.666,1.594,1.65,2.482,1.54,5.336,0.522,8.123,5.23,2.827,0.428,0.891,1.616,3.755,0.776,1.999,0.924,1.486,1.588,0.254,0.57,0.452,2.427,1.482,5.067,3.778,0.625,1.434,2.098,1.544,0.798,2,1.911,2.101,3.203,1.187
2011,1.158,1.944,0.786,2.591,1.63,0.335,0.355,1.319,2.428,0.96,2.687,2.843,2.584,0.939,7.722,0.362,7.149,5.125,1.425,0.316,0.366,1.897,3.663,0.376,2.18,1.135,1.977,1.681,0.357,1.51,0.662,3.082,1.236,5.737,4.661,1.098,1.726,2.924,1.604,0.713,1.788,2.146,1.696,2.746,1.332
2012,1.119,1.247,0.721,1.503,1.223,0.24,0.339,1.26,2.402,1.31,3.201,1.833,2.133,1.183,4.664,0.387,6.385,3.4535,1.03,0.647,0.517,0.73,3.352,1.06,1.716,0.816,1.897,0.478,0.355,0.928,0.652,2.339,0.987,5.273,4.202,1.053,1.101,2.999,1.146,0.636,1.313,1.252,1.925,3.372,0.934
2013,0.704,1.181,1.456,1.898,0.996,0.303,0.45,1.783,2.411,1.404,3.267,2.793,3.181,1.163,4.731,1.002,7.276,3.525,1.858,0.396,0.373,0.971,1.833,0.462,1.038,1.231,2.377,0.575,0.287,0.941,0.678,2.054,0.76,5.358,3.153,1.14,1.791,3.789,1.91,0.765,1.732,2.216,1.346,4.037,0.99
2014,1.455,0.852,0.897,2.346,0.526,0.262,0.675,1.994,2.682,1.738,3.548,2.915,2.645,0.781,3.834,0.312,7.388,4.472,2.113,0.312,0.237,1.204,1.604,0.505,1.144,1.042,2.694,0.45,0.634,1.369,0.735,1.871,0.697,4.991,2.667,0.451,1.277,2.751,1.528,0.671,1.4,1.73,1.242,4.794,0.642
2015,1.343,0.624,1.034,2.13,0.477,0.137,0.303,0.659,1.392,1.318,2.508,2.269,2.95,0.295,4.081,0.564,5.731,4.364,1.284,0.419,0.467,0.382,1.11,0.315,1.179,0.839,2.191,0.683,0.491,1.367,0.583,1.939,0.715,4.366,2.32,0.814,1.16,2.734,1.725,0.511,1.082,0.445,1.366,3.486,0.46
